NME_REGION_GR,NME_TIPOLOGIA_PD,produccion_region_tipologia,produccion_total,produccion_tipologia_nacional,participacion_tipologia_region,participacion_tipologia_nacional,indice_especializacion
Caribe,Empresa de base tecnológica,1255,201994,1827,0.006213055833341584,0.0014643142528991738,4.243
Caribe,Secreto empresarial,2727,201994,5373,0.01350040100200996,0.0043063823102502796,3.135
Caribe,Innovacion de gestion empresarial,3515,201994,8429,0.017401506975454718,0.006755722407053715,2.5758
Caribe,Notas científica,206,201994,526,0.0010198322722457102,0.00042158144336341844,2.4191
Caribe,Productos nutraceúticos,18,201994,51,8.911155776904264e-05,4.087576732230863e-05,2.1801
Caribe,Consultoría científico-técnica,6747,201994,20278,0.03340198223709615,0.01625252568160342,2.0552
Caribe,Innovaciones en procedimiento y servicio,2227,201994,7565,0.011025079952869887,0.00606323881947578,1.8183
Caribe,Signos Distintivos,306,201994,1189,0.0015148964820737249,0.0009529664185534306,1.5897
Caribe,Software,1615,201994,6370,0.007995286988722438,0.005105463487119725,1.566
Caribe,Talleres de creación,214,201994,858,0.0010594374090319514,0.00068767467377531,1.5406
Caribe,"Obras o productos de arte, arquitectura y diseño",2244,201994,9054,0.01110924086854065,0.007256650928160438,1.5309
Caribe,Capítulos de libro de investigación,10566,201994,42965,0.052308484410428034,0.034435830254960595,1.519
Caribe,Asesoría al programa Ondas,220,201994,969,0.0010891412616216324,0.000776639579123864,1.4024
Caribe,Prototipo Industrial,1803,201994,8316,0.008926007703199105,0.00666515453043762,1.3392
Caribe,Conceptos técnicos,750,201994,3553,0.0037129815737101104,0.0028476784567875012,1.3039
Caribe,Participación ciudadana en proyectos de CTI,176,201994,837,0.0008713130092973058,0.000670843475466124,1.2988
Caribe,Libros de investigación,5056,201994,24592,0.025030446448904422,0.01971013470569047,1.2699
Caribe,Espacios de participación ciudadana,422,201994,2108,0.002089170965474222,0.0016895317159887568,1.2365
Caribe,Generación de contenido multimedia,1634,201994,8256,0.00808934918858976,0.0066170653924113735,1.2225
Caribe,Tesis de pregrado,37471,201994,194293,0.18550551006465538,0.15572304824222177,1.1913
Caribe,Proyecto de extensión,1760,201994,9742,0.00871313009297306,0.0078080730441947195,1.1159
Caribe,Registros de acuerdos de licencia para la explotación de obras,270,201994,1510,0.0013366733665356398,0.0012102433069938437,1.1045
Caribe,Generación de contenido de audio,91,201994,519,0.00045050843094349336,0.0004159710439270231,1.083
Caribe,Estrategia de comunicación del conocimiento,284,201994,1642,0.0014059823559115618,0.0013160394106515837,1.0683
Caribe,"Consultoría en artes, arquitectura y diseño",109,201994,647,0.000539619988712536,0.0005185612050496801,1.0406
Caribe,Procesos de Apropiación social del conocimiento para el fortalecimiento de cadenas productivas,18,201994,107,8.911155776904264e-05,8.575896281347106e-05,1.0391
Caribe,Proyecto ID+I con Formación,353,201994,2142,0.001747576660692892,0.0017167822275369626,1.0179
Caribe,Red de conocimiento especializado,1253,201994,7742,0.006203154549145024,0.006205101776653205,0.9997
Caribe,Informe técnico final,1021,201994,6473,0.00505460558234403,0.005188016507398113,0.9743
Caribe,Generación de contenido virtual,443,201994,2836,0.002193134449538105,0.0022730132573738683,0.9649
Caribe,Empresas creativas y culturales,28,201994,187,0.00013861797875184412,0.00014987781351513164,0.9249
Caribe,Artículos,10310,201994,70161,0.051041120033268314,0.056233033550990116,0.9077
Caribe,Libros,1506,201994,10264,0.007455667000009901,0.008226448545023055,0.9063
Caribe,Informe Final de Investigación,5738,201994,39173,0.028406784359931485,0.031396596731701885,0.9048
Caribe,Proyecto de Investigación y Creación,174,201994,1196,0.0008614117251007456,0.000958576817989826,0.8986
Caribe,Capítulos de libro,995,201994,6890,0.004925888887788746,0.005522236016680519,0.892
Caribe,Edicion,2231,201994,15577,0.011044882521263007,0.012484741717247089,0.8847
Caribe,Artículos de investigación,39869,201994,278565,0.19737714981633117,0.22326584557135107,0.884
Caribe,Proyecto de Investigacion y Desarrollo,10127,201994,73061,0.05013515252928305,0.058557341888925314,0.8562
Caribe,Generación de contenido impresa,218,201994,1591,0.001079239977425072,0.0012751636433292752,0.8464
Caribe,Nueva secuencia genética,1030,201994,7632,0.005099161361228551,0.006116938356938421,0.8336
Caribe,Tesis de maestria,12487,201994,93874,0.06181866788122419,0.07523866238459609,0.8216
Caribe,Estrategias pedagógicas para el fomento a la CTI,866,201994,6692,0.004287256057110608,0.005363541861193909,0.7993
Caribe,Evento científico,26213,201994,205479,0.1297711813222175,0.16468846654158148,0.788
Caribe,Tesis de doctorado,1081,201994,8479,0.005351644108240839,0.006795796688742252,0.7875
Caribe,Variedad vegetal,59,201994,496,0.0002920878837985287,0.0003975368743502957,0.7347
Caribe,Regulación y norma protocolos de atención a usuarios/víctimas (pacientes),39,201994,330,0.00019307504183292573,0.00026449025914434995,0.73
Caribe,Libros de Divulgación de investigación y/o Compilación de Divulgación,117,201994,1043,0.0005792251254987772,0.0008359495160229001,0.6929
Caribe,Documento de trabajo,2381,201994,22028,0.01178747883600503,0.017655125540702244,0.6677
Caribe,Regulación y norma práctica clínica,42,201994,389,0.00020792696812776617,0.00031177791153682465,0.6669
Caribe,Patente de invención,179,201994,1759,0.0008861649355921463,0.0014098132298027623,0.6286
Caribe,Procesos de apropiación social del conocimiento para la generación de insumos,13,201994,138,6.435834727764191e-05,0.00011060501746036454,0.5819
Caribe,"Eventos artísticos, de arquitectura o de diseño con componentes de apropiación",159,201994,1707,0.0007871520936265433,0.0013681359768466831,0.5753
Caribe,Regulación y norma,240,201994,2702,0.0011881541035872352,0.002165614182448587,0.5486
Caribe,Registro general,11,201994,128,5.4457063081081615e-05,0.00010259016112265696,0.5308
Caribe,Eventos artísticos,112,201994,1340,0.0005544719150073765,0.001073990749252815,0.5163
Caribe,Planta Piloto,23,201994,282,0.00011386476826044337,0.0002260189487233536,0.5038
Caribe,Boletín divulgativo de resultado de investigación,316,201994,4197,0.0015644029030565264,0.003363835204935869,0.4651
Caribe,Procesos de apropiación social del conocimiento para el fortalecimiento o solución de asuntos,217,201994,3118,0.001074289335326792,0.0024990322060972217,0.4299
Caribe,Nuevo registro científico,55,201994,814,0.0002722853154054081,0.0006524093058893966,0.4174
Caribe,Regulación y norma acto legislativo,10,201994,150,4.950642098280147e-05,0.00012022284506561363,0.4118
Caribe,Regulación y norma protocolos de vigilancia epidemiológica,7,201994,105,3.465449468796103e-05,8.415599154592953e-05,0.4118
Caribe,Desarrollos Web,36,201994,593,0.0001782231155380853,0.00047528098082605917,0.375
Caribe,Producciones de contenido digital,270,201994,4512,0.0013366733665356398,0.0036163031795736576,0.3696
Caribe,Regulación y norma proyecto de ley,6,201994,152,2.9703852589680883e-05,0.00012182581633315513,0.2438
Caribe,Diseño Industrial,11,201994,314,5.4457063081081615e-05,0.00025166648900401783,0.2164
Caribe,Patente modelo de utilidad,9,201994,297,4.455577888452132e-05,0.00023804123322991496,0.1872
Caribe,Publicaciones editoriales no especializadas,18,201994,660,8.911155776904264e-05,0.0005289805182886999,0.1685
Caribe,Producción de estrategias y contenidos Transmedia,14,201994,587,6.930898937592206e-05,0.00047047206702343464,0.1473
Caribe,Manuales y Guías Especializadas,3,201994,156,1.4851926294840441e-05,0.00012503175886823816,0.1188
Centro Oriente,Desarrollos Web,290,168798,593,0.0017180298344767117,0.00047528098082605917,3.6148
Centro Oriente,Publicaciones editoriales no especializadas,207,168798,660,0.00122631784736786,0.0005289805182886999,2.3183
Centro Oriente,Procesos de apropiación social del conocimiento para el fortalecimiento o solución de asuntos,933,168798,3118,0.005527316674368179,0.0024990322060972217,2.2118
Centro Oriente,Innovaciones en procedimiento y servicio,2099,168798,7565,0.012434981457126269,0.00606323881947578,2.0509
Centro Oriente,Variedad vegetal,131,168798,496,0.0007760755459187905,0.0003975368743502957,1.9522
Centro Oriente,Generación de contenido virtual,707,168798,2836,0.0041884382516380525,0.0022730132573738683,1.8427
Centro Oriente,Manuales y Guías Especializadas,37,168798,156,0.00021919690991599426,0.00012503175886823816,1.7531
Centro Oriente,Estrategias pedagógicas para el fomento a la CTI,1557,168798,6692,0.00922404293889738,0.005363541861193909,1.7198
Centro Oriente,Patente modelo de utilidad,67,168798,297,0.00039692413417220584,0.00023804123322991496,1.6675
Centro Oriente,Procesos de Apropiación social del conocimiento para el fortalecimiento de cadenas productivas,24,168798,107,0.00014218177940496926,8.575896281347106e-05,1.6579
Centro Oriente,Innovacion de gestion empresarial,1829,168798,8429,0.010835436438820366,0.006755722407053715,1.6039
Centro Oriente,Regulación y norma protocolos de vigilancia epidemiológica,22,168798,105,0.00013033329778788848,8.415599154592953e-05,1.5487
Centro Oriente,Signos Distintivos,244,168798,1189,0.001445514757283854,0.0009529664185534306,1.5169
Centro Oriente,Informe técnico final,1316,168798,6473,0.007796300904039147,0.005188016507398113,1.5028
Centro Oriente,Asesoría al programa Ondas,192,168798,969,0.001137454235239754,0.000776639579123864,1.4646
Centro Oriente,Prototipo Industrial,1543,168798,8316,0.009141103567577816,0.00666515453043762,1.3715
Centro Oriente,Producciones de contenido digital,809,168798,4512,0.004792710814109172,0.0036163031795736576,1.3253
Centro Oriente,Proyecto ID+I con Formación,374,168798,2142,0.002215666062394104,0.0017167822275369626,1.2906
Centro Oriente,Generación de contenido impresa,268,168798,1591,0.0015876965366888234,0.0012751636433292752,1.2451
Centro Oriente,Informe Final de Investigación,6437,168798,39173,0.03813433808457446,0.031396596731701885,1.2146
Centro Oriente,Patente de invención,289,168798,1759,0.0017121055936681715,0.0014098132298027623,1.2144
Centro Oriente,Planta Piloto,46,168798,282,0.0002725150771928577,0.0002260189487233536,1.2057
Centro Oriente,Tesis de pregrado,31446,168798,194293,0.18629367646536096,0.15572304824222177,1.1963
Centro Oriente,Software,1030,168798,6370,0.006101968032796597,0.005105463487119725,1.1952
Centro Oriente,Espacios de participación ciudadana,334,168798,2108,0.0019786964300524887,0.0016895317159887568,1.1712
Centro Oriente,Consultoría científico-técnica,3186,168798,20278,0.018874631216009668,0.01625252568160342,1.1613
Centro Oriente,Conceptos técnicos,557,168798,3553,0.003299802130356995,0.0028476784567875012,1.1588
Centro Oriente,Eventos artísticos,206,168798,1340,0.0012203936065593194,0.001073990749252815,1.1363
Centro Oriente,Producción de estrategias y contenidos Transmedia,88,168798,587,0.0005213331911515539,0.00047047206702343464,1.1081
Centro Oriente,Empresas creativas y culturales,28,168798,187,0.0001658787426391308,0.00014987781351513164,1.1068
Centro Oriente,Regulación y norma acto legislativo,22,168798,150,0.00013033329778788848,0.00012022284506561363,1.0841
Centro Oriente,Evento científico,30125,168798,205479,0.1784677543572791,0.16468846654158148,1.0837
Centro Oriente,"Obras o productos de arte, arquitectura y diseño",1308,168798,9054,0.0077489069775708245,0.007256650928160438,1.0678
Centro Oriente,Regulación y norma,389,168798,2702,0.00230452967452221,0.002165614182448587,1.0641
Centro Oriente,Artículos,9686,168798,70161,0.05738219647152217,0.056233033550990116,1.0204
Centro Oriente,Proyecto de Investigacion y Desarrollo,10060,168798,73061,0.05959786253391628,0.058557341888925314,1.0178
Centro Oriente,Proyecto de Investigación y Creación,159,168798,1196,0.0009419542885579213,0.000958576817989826,0.9827
Centro Oriente,Libros de Divulgación de investigación y/o Compilación de Divulgación,134,168798,1043,0.0007938482683444117,0.0008359495160229001,0.9496
Centro Oriente,Estrategia de comunicación del conocimiento,210,168798,1642,0.001244090569793481,0.0013160394106515837,0.9453
Centro Oriente,"Eventos artísticos, de arquitectura o de diseño con componentes de apropiación",218,168798,1707,0.001291484496261804,0.0013681359768466831,0.944
Centro Oriente,Participación ciudadana en proyectos de CTI,105,168798,837,0.0006220452848967405,0.000670843475466124,0.9273
Centro Oriente,"Consultoría en artes, arquitectura y diseño",80,168798,647,0.00047393926468323084,0.0005185612050496801,0.914
Centro Oriente,Tesis de maestria,11482,168798,93874,0.0680221329636607,0.07523866238459609,0.9041
Centro Oriente,Red de conocimiento especializado,913,168798,7742,0.005408831858197372,0.006205101776653205,0.8717
Centro Oriente,Productos nutraceúticos,6,168798,51,3.5545444851242315e-05,4.087576732230863e-05,0.8696
Centro Oriente,Artículos de investigación,32746,168798,278565,0.19399518951646347,0.22326584557135107,0.8689
Centro Oriente,Proyecto de extensión,1142,168798,9742,0.00676548300335312,0.0078080730441947195,0.8665
Centro Oriente,Generación de contenido multimedia,925,168798,8256,0.0054799227478998565,0.0066170653924113735,0.8282
Centro Oriente,Boletín divulgativo de resultado de investigación,468,168798,4197,0.0027725446983969003,0.003363835204935869,0.8242
Centro Oriente,Libros,1076,168798,10264,0.006374483109989455,0.008226448545023055,0.7749
Centro Oriente,Talleres de creación,87,168798,858,0.0005154089503430136,0.00068767467377531,0.7495
Centro Oriente,Edicion,1530,168798,15577,0.00906408843706679,0.012484741717247089,0.726
Centro Oriente,Documento de trabajo,2037,168798,22028,0.012067678526996766,0.017655125540702244,0.6835
Centro Oriente,Secreto empresarial,491,168798,5373,0.0029088022369933293,0.0043063823102502796,0.6755
Centro Oriente,Empresa de base tecnológica,157,168798,1827,0.0009301058069408405,0.0014643142528991738,0.6352
Centro Oriente,Libros de investigación,2010,168798,24592,0.011907724025166174,0.01971013470569047,0.6041
Centro Oriente,Regulación y norma proyecto de ley,12,168798,152,7.109088970248463e-05,0.00012182581633315513,0.5835
Centro Oriente,Capítulos de libro,505,168798,6890,0.002991741608312895,0.005522236016680519,0.5418
Centro Oriente,Capítulos de libro de investigación,3111,168798,42965,0.018430313155369138,0.034435830254960595,0.5352
Centro Oriente,Tesis de doctorado,608,168798,8479,0.0036019384115925546,0.006795796688742252,0.53
Centro Oriente,Nueva secuencia genética,532,168798,7632,0.0031516961101434853,0.006116938356938421,0.5152
Centro Oriente,Notas científica,35,168798,526,0.0002073484282989135,0.00042158144336341844,0.4918
Centro Oriente,Registro general,7,168798,128,4.14696856597827e-05,0.00010259016112265696,0.4042
Centro Oriente,Diseño Industrial,14,168798,314,8.29393713195654e-05,0.00025166648900401783,0.3296
Centro Oriente,Procesos de apropiación social del conocimiento para la generación de insumos,6,168798,138,3.5545444851242315e-05,0.00011060501746036454,0.3214
Centro Oriente,Generación de contenido de audio,22,168798,519,0.00013033329778788848,0.0004159710439270231,0.3133
Centro Oriente,Registros de acuerdos de licencia para la explotación de obras,55,168798,1510,0.0003258332444697212,0.0012102433069938437,0.2692
Centro Oriente,Nuevo registro científico,24,168798,814,0.00014218177940496926,0.0006524093058893966,0.2179
Centro Oriente,Regulación y norma manuales y modelos de atención diferencial a víctimas,1,168798,41,5.924240808540386e-06,3.2860910984601055e-05,0.1803
Centro Oriente,Regulación y norma protocolos de atención a usuarios/víctimas (pacientes),3,168798,330,1.7772722425621158e-05,0.00026449025914434995,0.0672
Centro Oriente,Regulación y norma práctica clínica,1,168798,389,5.924240808540386e-06,0.00031177791153682465,0.019
Centro Sur,Generación de contenido de audio,227,31972,519,0.0070999624671587635,0.0004159710439270231,17.0684
Centro Sur,Signos Distintivos,210,31972,1189,0.006568247216314275,0.0009529664185534306,6.8924
Centro Sur,Asesoría al programa Ondas,140,31972,969,0.00437883147754285,0.000776639579123864,5.6382
Centro Sur,Diseño Industrial,24,31972,314,0.0007506568247216314,0.00025166648900401783,2.9827
Centro Sur,Manuales y Guías Especializadas,10,31972,156,0.0003127736769673464,0.00012503175886823816,2.5016
Centro Sur,Innovacion de gestion empresarial,469,31972,8429,0.014669085449768547,0.006755722407053715,2.1714
Centro Sur,Participación ciudadana en proyectos de CTI,43,31972,837,0.0013449268109595896,0.000670843475466124,2.0048
Centro Sur,Generación de contenido impresa,77,31972,1591,0.0024083573126485675,0.0012751636433292752,1.8887
Centro Sur,Procesos de Apropiación social del conocimiento para el fortalecimiento de cadenas productivas,5,31972,107,0.0001563868384836732,8.575896281347106e-05,1.8236
Centro Sur,Procesos de apropiación social del conocimiento para la generación de insumos,6,31972,138,0.00018766420618040785,0.00011060501746036454,1.6967
Centro Sur,Espacios de participación ciudadana,88,31972,2108,0.0027524083573126487,0.0016895317159887568,1.6291
Centro Sur,Proyecto de extensión,396,31972,9742,0.012385837607906918,0.0078080730441947195,1.5863
Centro Sur,Planta Piloto,11,31972,282,0.0003440510446640811,0.0002260189487233536,1.5222
Centro Sur,Regulación y norma práctica clínica,15,31972,389,0.00046916051545101964,0.00031177791153682465,1.5048
Centro Sur,Nueva secuencia genética,291,31972,7632,0.00910171399974978,0.006116938356938421,1.488
Centro Sur,Libros de investigación,921,31972,24592,0.028806455648692605,0.01971013470569047,1.4615
Centro Sur,Informe Final de Investigación,1403,31972,39173,0.043882146878518706,0.031396596731701885,1.3977
Centro Sur,Boletín divulgativo de resultado de investigación,147,31972,4197,0.004597773051419993,0.003363835204935869,1.3668
Centro Sur,Innovaciones en procedimiento y servicio,261,31972,7565,0.008163392968847742,0.00606323881947578,1.3464
Centro Sur,Eventos artísticos,44,31972,1340,0.0013762041786563243,0.001073990749252815,1.2814
Centro Sur,Procesos de apropiación social del conocimiento para el fortalecimiento o solución de asuntos,100,31972,3118,0.003127736769673464,0.0024990322060972217,1.2516
Centro Sur,Libros,327,31972,10264,0.010227699236832229,0.008226448545023055,1.2433
Centro Sur,"Eventos artísticos, de arquitectura o de diseño con componentes de apropiación",53,31972,1707,0.001657700487926936,0.0013681359768466831,1.2116
Centro Sur,Artículos,2167,31972,70161,0.06777805579882397,0.056233033550990116,1.2053
Centro Sur,Estrategias pedagógicas para el fomento a la CTI,204,31972,6692,0.006380583010133867,0.005363541861193909,1.1896
Centro Sur,Talleres de creación,25,31972,858,0.000781934192418366,0.00068767467377531,1.1371
Centro Sur,Regulación y norma protocolos de vigilancia epidemiológica,3,31972,105,9.383210309020393e-05,8.415599154592953e-05,1.115
Centro Sur,Evento científico,5728,31972,205479,0.17915676216689602,0.16468846654158148,1.0879
Centro Sur,Proyecto de Investigacion y Desarrollo,1978,31972,73061,0.061866633304141126,0.058557341888925314,1.0565
Centro Sur,Empresa de base tecnológica,48,31972,1827,0.0015013136494432628,0.0014643142528991738,1.0253
Centro Sur,Edicion,405,31972,15577,0.01266733391717753,0.012484741717247089,1.0146
Centro Sur,Capítulos de libro,175,31972,6890,0.005473539346928563,0.005522236016680519,0.9912
Centro Sur,Tesis de pregrado,4897,31972,194293,0.15316526961090954,0.15572304824222177,0.9836
Centro Sur,Consultoría científico-técnica,507,31972,20278,0.015857625422244465,0.01625252568160342,0.9757
Centro Sur,Red de conocimiento especializado,184,31972,7742,0.005755035656199174,0.006205101776653205,0.9275
Centro Sur,Capítulos de libro de investigación,1012,31972,42965,0.031652696109095456,0.034435830254960595,0.9192
Centro Sur,Artículos de investigación,6551,31972,278565,0.20489803578130864,0.22326584557135107,0.9177
Centro Sur,Documento de trabajo,503,31972,22028,0.015732515951457526,0.017655125540702244,0.8911
Centro Sur,Variedad vegetal,11,31972,496,0.0003440510446640811,0.0003975368743502957,0.8655
Centro Sur,Prototipo Industrial,176,31972,8316,0.005504816714625297,0.00666515453043762,0.8259
Centro Sur,Nuevo registro científico,17,31972,814,0.0005317152508444889,0.0006524093058893966,0.815
Centro Sur,Estrategia de comunicación del conocimiento,34,31972,1642,0.0010634305016889779,0.0013160394106515837,0.8081
Centro Sur,Libros de Divulgación de investigación y/o Compilación de Divulgación,21,31972,1043,0.0006568247216314275,0.0008359495160229001,0.7857
Centro Sur,Generación de contenido virtual,53,31972,2836,0.001657700487926936,0.0022730132573738683,0.7293
Centro Sur,Informe técnico final,107,31972,6473,0.003346678343550607,0.005188016507398113,0.6451
Centro Sur,Software,105,31972,6370,0.0032841236081571374,0.005105463487119725,0.6433
Centro Sur,Regulación y norma protocolos de atención a usuarios/víctimas (pacientes),5,31972,330,0.0001563868384836732,0.00026449025914434995,0.5913
Centro Sur,Proyecto ID+I con Formación,31,31972,2142,0.0009695983985987739,0.0017167822275369626,0.5648
Centro Sur,Producciones de contenido digital,63,31972,4512,0.0019704741648942825,0.0036163031795736576,0.5449
Centro Sur,Tesis de maestria,1301,31972,93874,0.04069185537345177,0.07523866238459609,0.5408
Centro Sur,Publicaciones editoriales no especializadas,9,31972,660,0.0002814963092706118,0.0005289805182886999,0.5321
Centro Sur,Regulación y norma,35,31972,2702,0.0010947078693857124,0.002165614182448587,0.5055
Centro Sur,Proyecto de Investigación y Creación,15,31972,1196,0.00046916051545101964,0.000958576817989826,0.4894
Centro Sur,Tesis de doctorado,102,31972,8479,0.0031902915050669336,0.006795796688742252,0.4695
Centro Sur,Generación de contenido multimedia,89,31972,8256,0.0027836857250093834,0.0066170653924113735,0.4207
Centro Sur,Notas científica,5,31972,526,0.0001563868384836732,0.00042158144336341844,0.371
Centro Sur,"Obras o productos de arte, arquitectura y diseño",81,31972,9054,0.002533466783435506,0.007256650928160438,0.3491
Centro Sur,Desarrollos Web,4,31972,593,0.00012510947078693858,0.00047528098082605917,0.2632
Centro Sur,Patente modelo de utilidad,2,31972,297,6.255473539346929e-05,0.00023804123322991496,0.2628
Centro Sur,Empresas creativas y culturales,1,31972,187,3.1277367696734645e-05,0.00014987781351513164,0.2087
Centro Sur,Producción de estrategias y contenidos Transmedia,3,31972,587,9.383210309020393e-05,0.00047047206702343464,0.1994
Centro Sur,"Consultoría en artes, arquitectura y diseño",3,31972,647,9.383210309020393e-05,0.0005185612050496801,0.1809
Centro Sur,Conceptos técnicos,15,31972,3553,0.00046916051545101964,0.0028476784567875012,0.1648
Centro Sur,Secreto empresarial,22,31972,5373,0.0006881020893281622,0.0043063823102502796,0.1598
Centro Sur,Registros de acuerdos de licencia para la explotación de obras,5,31972,1510,0.0001563868384836732,0.0012102433069938437,0.1292
Centro Sur,Patente de invención,2,31972,1759,6.255473539346929e-05,0.0014098132298027623,0.0444
Distrito Capital,Regulación y norma manejo clínico forense,1,413229,1,2.4199656848865883e-06,8.014856337707575e-07,3.0194
Distrito Capital,Regulación y norma protocolos de atención a usuarios/víctimas (pacientes),234,413229,330,0.0005662719702634616,0.00026449025914434995,2.141
Distrito Capital,Regulación y norma práctica clínica,266,413229,389,0.0006437108721798325,0.00031177791153682465,2.0646
Distrito Capital,Nuevo registro científico,553,413229,814,0.0013382410237422833,0.0006524093058893966,2.0512
Distrito Capital,Regulación y norma proyecto de ley,95,413229,152,0.00022989674006422588,0.00012182581633315513,1.8871
Distrito Capital,Esquema de circuito integrado,4,413229,7,9.679862739546353e-06,5.610399436395302e-06,1.7253
Distrito Capital,Regulación y norma,1352,413229,2702,0.0032717936059666673,0.002165614182448587,1.5108
Distrito Capital,Producción de estrategias y contenidos Transmedia,285,413229,587,0.0006896902201926776,0.00047047206702343464,1.466
Distrito Capital,Capítulos de libro,3340,413229,6890,0.008082685387521205,0.005522236016680519,1.4637
Distrito Capital,Manuales y Guías Especializadas,72,413229,156,0.00017423752931183435,0.00012503175886823816,1.3935
Distrito Capital,Registro general,59,413229,128,0.00014277797540830872,0.00010259016112265696,1.3917
Distrito Capital,Regulación y norma protocolos de vigilancia epidemiológica,48,413229,105,0.00011615835287455624,8.415599154592953e-05,1.3803
Distrito Capital,Documento de trabajo,9962,413229,22028,0.024107698152840192,0.017655125540702244,1.3655
Distrito Capital,Patente modelo de utilidad,126,413229,297,0.00030491567629571014,0.00023804123322991496,1.2809
Distrito Capital,Proyecto de Investigación y Creación,504,413229,1196,0.0012196627051828406,0.000958576817989826,1.2724
Distrito Capital,Boletín divulgativo de resultado de investigación,1760,413229,4197,0.004259139605400395,0.003363835204935869,1.2662
Distrito Capital,Edicion,6344,413229,15577,0.015352262304920516,0.012484741717247089,1.2297
Distrito Capital,Libros,4091,413229,10264,0.009900079616871033,0.008226448545023055,1.2034
Distrito Capital,Producciones de contenido digital,1782,413229,4512,0.0043123788504679005,0.0036163031795736576,1.1925
Distrito Capital,Tesis de maestria,36664,413229,93874,0.08872562187068188,0.07523866238459609,1.1793
Distrito Capital,Eventos artísticos,500,413229,1340,0.0012099828424432942,0.001073990749252815,1.1266
Distrito Capital,Libros de investigación,8754,413229,24592,0.021184379605497194,0.01971013470569047,1.0748
Distrito Capital,Procesos de apropiación social del conocimiento para la generación de insumos,49,413229,138,0.00011857831855944282,0.00011060501746036454,1.0721
Distrito Capital,Artículos,24751,413229,70161,0.05989657066662795,0.056233033550990116,1.0651
Distrito Capital,Capítulos de libro de investigación,15132,413229,42965,0.036618920743703855,0.034435830254960595,1.0634
Distrito Capital,Tesis de doctorado,2979,413229,8479,0.007209077775277147,0.006795796688742252,1.0608
Distrito Capital,Artículos de investigación,95032,413229,278565,0.22997417896614225,0.22326584557135107,1.03
Distrito Capital,Evento científico,69912,413229,205479,0.16918464096179117,0.16468846654158148,1.0273
Distrito Capital,Procesos de apropiación social del conocimiento para el fortalecimiento o solución de asuntos,1055,413229,3118,0.0025530637975553507,0.0024990322060972217,1.0216
Distrito Capital,"Eventos artísticos, de arquitectura o de diseño con componentes de apropiación",571,413229,1707,0.001381800406070242,0.0013681359768466831,1.01
Distrito Capital,Generación de contenido multimedia,2760,413229,8256,0.006679105290286984,0.0066170653924113735,1.0094
Distrito Capital,Publicaciones editoriales no especializadas,220,413229,660,0.0005323924506750494,0.0005289805182886999,1.0065
Distrito Capital,Planta Piloto,93,413229,282,0.00022505680869445272,0.0002260189487233536,0.9957
Distrito Capital,Estrategia de comunicación del conocimiento,540,413229,1642,0.0013067814698387577,0.0013160394106515837,0.993
Distrito Capital,Conceptos técnicos,1133,413229,3553,0.0027418211209765046,0.0028476784567875012,0.9628
Distrito Capital,"Obras o productos de arte, arquitectura y diseño",2869,413229,9054,0.006942881549939622,0.007256650928160438,0.9568
Distrito Capital,Tesis de pregrado,60929,413229,194293,0.14744608921445493,0.15572304824222177,0.9468
Distrito Capital,Participación ciudadana en proyectos de CTI,257,413229,837,0.0006219311810158532,0.000670843475466124,0.9271
Distrito Capital,Generación de contenido virtual,869,413229,2836,0.0021029501801664453,0.0022730132573738683,0.9252
Distrito Capital,Proyecto de Investigacion y Desarrollo,22173,413229,73061,0.053657899130990325,0.058557341888925314,0.9163
Distrito Capital,Informe técnico final,1949,413229,6473,0.004716513119843961,0.005188016507398113,0.9091
Distrito Capital,Informe Final de Investigación,11705,413229,39173,0.028325698341597517,0.031396596731701885,0.9022
Distrito Capital,Red de conocimiento especializado,2244,413229,7742,0.005430402996885504,0.006205101776653205,0.8752
Distrito Capital,Generación de contenido impresa,446,413229,1591,0.0010793046954594185,0.0012751636433292752,0.8464
Distrito Capital,Estrategias pedagógicas para el fomento a la CTI,1863,413229,6692,0.004508396070943714,0.005363541861193909,0.8406
Distrito Capital,Software,1722,413229,6370,0.004167180909374705,0.005105463487119725,0.8162
Distrito Capital,Regulación y norma acto legislativo,38,413229,150,9.195869602569036e-05,0.00012022284506561363,0.7649
Distrito Capital,Diseño Industrial,79,413229,314,0.0001911772891060405,0.00025166648900401783,0.7596
Distrito Capital,Libros de Formación,3,413229,12,7.259897054659765e-06,9.61782760524909e-06,0.7548
Distrito Capital,Proyecto de extensión,2381,413229,9742,0.005761938295714967,0.0078080730441947195,0.7379
Distrito Capital,Talleres de creación,207,413229,858,0.0005009328967715237,0.00068767467377531,0.7284
Distrito Capital,Asesoría al programa Ondas,230,413229,969,0.0005565921075239153,0.000776639579123864,0.7167
Distrito Capital,Patente de invención,412,413229,1759,0.0009970258621732743,0.0014098132298027623,0.7072
Distrito Capital,Proyecto ID+I con Formación,499,413229,2142,0.0012075628767584075,0.0017167822275369626,0.7034
Distrito Capital,Nueva secuencia genética,1736,413229,7632,0.004201060428963117,0.006116938356938421,0.6868
Distrito Capital,Espacios de participación ciudadana,475,413229,2108,0.0011494837003211294,0.0016895317159887568,0.6804
Distrito Capital,Notas científica,117,413229,526,0.0002831359851317308,0.00042158144336341844,0.6716
Distrito Capital,Prototipo Industrial,1799,413229,8316,0.004353518267110972,0.00666515453043762,0.6532
Distrito Capital,Libros de Divulgación de investigación y/o Compilación de Divulgación,214,413229,1043,0.0005178726565657299,0.0008359495160229001,0.6195
Distrito Capital,Generación de contenido de audio,105,413229,519,0.0002540963969130918,0.0004159710439270231,0.6109
Distrito Capital,"Consultoría en artes, arquitectura y diseño",130,413229,647,0.00031459553903525646,0.0005185612050496801,0.6067
Distrito Capital,Consultoría científico-técnica,3971,413229,20278,0.009609683734684642,0.01625252568160342,0.5913
Distrito Capital,Procesos de Apropiación social del conocimiento para el fortalecimiento de cadenas productivas,19,413229,107,4.597934801284518e-05,8.575896281347106e-05,0.5361
Distrito Capital,Regulación y norma manuales y modelos de atención diferencial a víctimas,7,413229,41,1.693975979420612e-05,3.2860910984601055e-05,0.5155
Distrito Capital,Variedad vegetal,72,413229,496,0.00017423752931183435,0.0003975368743502957,0.4383
Distrito Capital,Signos Distintivos,161,413229,1189,0.0003896144752667407,0.0009529664185534306,0.4088
Distrito Capital,Innovaciones en procedimiento y servicio,1001,413229,7565,0.0024223856505714747,0.00606323881947578,0.3995
Distrito Capital,Empresa de base tecnológica,218,413229,1827,0.0005275525193052762,0.0014643142528991738,0.3603
Distrito Capital,Secreto empresarial,625,413229,5373,0.0015124785530541177,0.0043063823102502796,0.3512
Distrito Capital,Desarrollos Web,66,413229,593,0.00015971773520251484,0.00047528098082605917,0.336
Distrito Capital,Procesos de apropiación resultado del trabajo conjunto entre un Centro de Ciencia y un grupo,1,413229,9,2.4199656848865883e-06,7.213370703936817e-06,0.3355
Distrito Capital,Productos nutraceúticos,5,413229,51,1.2099828424432942e-05,4.087576732230863e-05,0.296
Distrito Capital,Empresas creativas y culturales,18,413229,187,4.3559382327958586e-05,0.00014987781351513164,0.2906
Distrito Capital,Innovacion de gestion empresarial,530,413229,8429,0.0012825818129898919,0.006755722407053715,0.1899
Distrito Capital,Registros de acuerdos de licencia para la explotación de obras,61,413229,1510,0.00014761790677808188,0.0012102433069938437,0.122
Eje Cafetero,Procesos de apropiación resultado del trabajo conjunto entre un Centro de Ciencia y un grupo,8,277698,9,2.8808273736217042e-05,7.213370703936817e-06,3.9937
Eje Cafetero,Regulación y norma manuales y modelos de atención diferencial a víctimas,33,277698,41,0.0001188341291618953,3.2860910984601055e-05,3.6163
Eje Cafetero,Libros de Formación,9,277698,12,3.240930795324417e-05,9.61782760524909e-06,3.3697
Eje Cafetero,Registros de acuerdos de licencia para la explotación de obras,1063,277698,1510,0.0038278993726998394,0.0012102433069938437,3.1629
Eje Cafetero,Diseño Industrial,177,277698,314,0.0006373830564138021,0.00025166648900401783,2.5326
Eje Cafetero,Nueva secuencia genética,3692,277698,7632,0.013295018329264165,0.006116938356938421,2.1735
Eje Cafetero,Regulación y norma acto legislativo,71,277698,150,0.00025567342940892627,0.00012022284506561363,2.1267
Eje Cafetero,Esquema de circuito integrado,3,277698,7,1.0803102651081391e-05,5.610399436395302e-06,1.9255
Eje Cafetero,Productos nutraceúticos,21,277698,51,7.562171855756973e-05,4.087576732230863e-05,1.85
Eje Cafetero,Patente de invención,665,277698,1759,0.0023946877543230415,0.0014098132298027623,1.6986
Eje Cafetero,Registro general,46,277698,128,0.000165647573983248,0.00010259016112265696,1.6147
Eje Cafetero,Proyecto ID+I con Formación,713,277698,2142,0.0025675373967403436,0.0017167822275369626,1.4956
Eje Cafetero,Proyecto de extensión,3039,277698,9742,0.010943542985545448,0.0078080730441947195,1.4016
Eje Cafetero,Tesis de doctorado,2565,277698,8479,0.009236652766674588,0.006795796688742252,1.3592
Eje Cafetero,Planta Piloto,85,277698,282,0.00030608790844730607,0.0002260189487233536,1.3543
Eje Cafetero,Generación de contenido multimedia,2307,277698,8256,0.00830758593868159,0.0066170653924113735,1.2555
Eje Cafetero,Talleres de creación,233,277698,858,0.0008390409725673214,0.00068767467377531,1.2201
Eje Cafetero,Procesos de apropiación social del conocimiento para la generación de insumos,36,277698,138,0.00012963723181297668,0.00011060501746036454,1.1721
Eje Cafetero,Desarrollos Web,154,277698,593,0.0005545592694221781,0.00047528098082605917,1.1668
Eje Cafetero,Eventos artísticos,346,277698,1340,0.001245957839091387,0.001073990749252815,1.1601
Eje Cafetero,Artículos de investigación,71207,277698,278565,0.25641884349185085,0.22326584557135107,1.1485
Eje Cafetero,Proyecto de Investigacion y Desarrollo,18436,277698,73061,0.06638866682511217,0.058557341888925314,1.1337
Eje Cafetero,Red de conocimiento especializado,1950,277698,7742,0.007022016723202904,0.006205101776653205,1.1317
Eje Cafetero,Prototipo Industrial,2047,277698,8316,0.0073713170422545354,0.00666515453043762,1.1059
Eje Cafetero,"Eventos artísticos, de arquitectura o de diseño con componentes de apropiación",412,277698,1707,0.0014836260974151777,0.0013681359768466831,1.0844
Eje Cafetero,Producciones de contenido digital,1088,277698,4512,0.003917925228125518,0.0036163031795736576,1.0834
Eje Cafetero,Tesis de maestria,21860,277698,93874,0.07871860798421307,0.07523866238459609,1.0463
Eje Cafetero,Secreto empresarial,1248,277698,5373,0.004494090702849858,0.0043063823102502796,1.0436
Eje Cafetero,Estrategias pedagógicas para el fomento a la CTI,1528,277698,6692,0.005502380283617455,0.005363541861193909,1.0259
Eje Cafetero,Informe Final de Investigación,8923,277698,39173,0.03213202831853308,0.031396596731701885,1.0234
Eje Cafetero,Patente modelo de utilidad,67,277698,297,0.00024126929254081773,0.00023804123322991496,1.0136
Eje Cafetero,Evento científico,45589,277698,205479,0.16416754892004984,0.16468846654158148,0.9968
Eje Cafetero,Libros,2232,277698,10264,0.008037508372404554,0.008226448545023055,0.977
Eje Cafetero,Innovacion de gestion empresarial,1790,277698,8429,0.006445851248478563,0.006755722407053715,0.9541
Eje Cafetero,Notas científica,110,277698,526,0.0003961137638729843,0.00042158144336341844,0.9396
Eje Cafetero,Espacios de participación ciudadana,438,277698,2108,0.001577252987057883,0.0016895317159887568,0.9335
Eje Cafetero,Documento de trabajo,4575,277698,22028,0.01647473154289912,0.017655125540702244,0.9331
Eje Cafetero,Publicaciones editoriales no especializadas,136,277698,660,0.0004897406535156897,0.0005289805182886999,0.9258
Eje Cafetero,Software,1312,277698,6370,0.0047245568927395945,0.005105463487119725,0.9254
Eje Cafetero,Procesos de Apropiación social del conocimiento para el fortalecimiento de cadenas productivas,22,277698,107,7.922275277459687e-05,8.575896281347106e-05,0.9238
Eje Cafetero,Informe técnico final,1311,277698,6473,0.004720955858522568,0.005188016507398113,0.91
Eje Cafetero,Producción de estrategias y contenidos Transmedia,118,277698,587,0.00042492203760920134,0.00047047206702343464,0.9032
Eje Cafetero,"Consultoría en artes, arquitectura y diseño",129,277698,647,0.0004645334139964998,0.0005185612050496801,0.8958
Eje Cafetero,Artículos,13929,277698,70161,0.050158805608970895,0.056233033550990116,0.892
Eje Cafetero,Innovaciones en procedimiento y servicio,1464,277698,7565,0.005271914093727718,0.00606323881947578,0.8695
Eje Cafetero,Capítulos de libro de investigación,7953,277698,42965,0.028639025128016766,0.034435830254960595,0.8317
Eje Cafetero,"Obras o productos de arte, arquitectura y diseño",1667,277698,9054,0.006002924039784226,0.007256650928160438,0.8272
Eje Cafetero,Tesis de pregrado,35463,277698,194293,0.1277034764384331,0.15572304824222177,0.8201
Eje Cafetero,Edicion,2840,277698,15577,0.010226937176357049,0.012484741717247089,0.8192
Eje Cafetero,Capítulos de libro,1233,277698,6890,0.004440075189594451,0.005522236016680519,0.804
Eje Cafetero,Procesos de apropiación social del conocimiento para el fortalecimiento o solución de asuntos,550,277698,3118,0.0019805688193649217,0.0024990322060972217,0.7925
Eje Cafetero,Nuevo registro científico,140,277698,814,0.0005041447903837982,0.0006524093058893966,0.7727
Eje Cafetero,Estrategia de comunicación del conocimiento,280,277698,1642,0.0010082895807675964,0.0013160394106515837,0.7662
Eje Cafetero,Consultoría científico-técnica,3383,277698,20278,0.012182298756202782,0.01625252568160342,0.7496
Eje Cafetero,Generación de contenido impresa,265,277698,1591,0.0009542740675121895,0.0012751636433292752,0.7484
Eje Cafetero,Variedad vegetal,82,277698,496,0.00029528480579622465,0.0003975368743502957,0.7428
Eje Cafetero,Signos Distintivos,184,277698,1189,0.000662590295932992,0.0009529664185534306,0.6953
Eje Cafetero,Libros de investigación,3764,277698,24592,0.013554292792890117,0.01971013470569047,0.6877
Eje Cafetero,Boletín divulgativo de resultado de investigación,640,277698,4197,0.002304661898897363,0.003363835204935869,0.6851
Eje Cafetero,Conceptos técnicos,532,277698,3553,0.0019157502034584332,0.0028476784567875012,0.6727
Eje Cafetero,Proyecto de Investigación y Creación,175,277698,1196,0.0006301809879797478,0.000958576817989826,0.6574
Eje Cafetero,Generación de contenido virtual,414,277698,2836,0.001490828165849232,0.0022730132573738683,0.6559
Eje Cafetero,Regulación y norma proyecto de ley,22,277698,152,7.922275277459687e-05,0.00012182581633315513,0.6503
Eje Cafetero,Participación ciudadana en proyectos de CTI,118,277698,837,0.00042492203760920134,0.000670843475466124,0.6334
Eje Cafetero,Regulación y norma práctica clínica,54,277698,389,0.00019445584771946503,0.00031177791153682465,0.6237
Eje Cafetero,Regulación y norma,373,277698,2702,0.0013431857629511196,0.002165614182448587,0.6202
Eje Cafetero,Manuales y Guías Especializadas,19,277698,156,6.841965012351547e-05,0.00012503175886823816,0.5472
Eje Cafetero,Libros de Divulgación de investigación y/o Compilación de Divulgación,121,277698,1043,0.00043572514026028275,0.0008359495160229001,0.5212
Eje Cafetero,Regulación y norma protocolos de vigilancia epidemiológica,12,277698,105,4.3212410604325564e-05,8.415599154592953e-05,0.5135
Eje Cafetero,Regulación y norma protocolos de atención a usuarios/víctimas (pacientes),31,277698,330,0.00011163206072784104,0.00026449025914434995,0.4221
Eje Cafetero,Asesoría al programa Ondas,81,277698,969,0.00029168377157919755,0.000776639579123864,0.3756
Eje Cafetero,Generación de contenido de audio,41,277698,519,0.00014764240289811233,0.0004159710439270231,0.3549
Eje Cafetero,Empresas creativas y culturales,14,277698,187,5.041447903837982e-05,0.00014987781351513164,0.3364
Eje Cafetero,Empresa de base tecnológica,60,277698,1827,0.00021606205302162782,0.0014643142528991738,0.1476
Llano,Variedad vegetal,30,10714,496,0.002800074668657831,0.0003975368743502957,7.0436
Llano,Signos Distintivos,42,10714,1189,0.003920104536120963,0.0009529664185534306,4.1136
Llano,Generación de contenido impresa,53,10714,1591,0.004946798581295501,0.0012751636433292752,3.8793
Llano,Documento de trabajo,540,10714,22028,0.050401344035840956,0.017655125540702244,2.8548
Llano,Estrategias pedagógicas para el fomento a la CTI,158,10714,6692,0.014747059921597909,0.005363541861193909,2.7495
Llano,Red de conocimiento especializado,165,10714,7742,0.015400410677618069,0.006205101776653205,2.4819
Llano,Software,120,10714,6370,0.011200298674631324,0.005105463487119725,2.1938
Llano,Proyecto ID+I con Formación,39,10714,2142,0.0036400970692551803,0.0017167822275369626,2.1203
Llano,Conceptos técnicos,62,10714,3553,0.005786820981892851,0.0028476784567875012,2.0321
Llano,Espacios de participación ciudadana,36,10714,2108,0.003360089602389397,0.0016895317159887568,1.9888
Llano,Registros de acuerdos de licencia para la explotación de obras,22,10714,1510,0.002053388090349076,0.0012102433069938437,1.6967
Llano,Estrategia de comunicación del conocimiento,23,10714,1642,0.0021467239126376704,0.0013160394106515837,1.6312
Llano,Procesos de apropiación social del conocimiento para el fortalecimiento o solución de asuntos,42,10714,3118,0.003920104536120963,0.0024990322060972217,1.5686
Llano,Manuales y Guías Especializadas,2,10714,156,0.00018667164457718873,0.00012503175886823816,1.493
Llano,"Eventos artísticos, de arquitectura o de diseño con componentes de apropiación",21,10714,1707,0.0019600522680604817,0.0013681359768466831,1.4326
Llano,Artículos,857,10714,70161,0.07998879970132537,0.056233033550990116,1.4225
Llano,Informe Final de Investigación,478,10714,39173,0.044614523053948106,0.031396596731701885,1.421
Llano,Notas científica,6,10714,526,0.0005600149337315662,0.00042158144336341844,1.3284
Llano,Proyecto de Investigacion y Desarrollo,825,10714,73061,0.07700205338809035,0.058557341888925314,1.315
Llano,Innovaciones en procedimiento y servicio,85,10714,7565,0.007933544894530522,0.00606323881947578,1.3085
Llano,Evento científico,2223,10714,205479,0.20748553294754526,0.16468846654158148,1.2599
Llano,Empresas creativas y culturales,2,10714,187,0.00018667164457718873,0.00014987781351513164,1.2455
Llano,Regulación y norma,28,10714,2702,0.0026134030240806422,0.002165614182448587,1.2068
Llano,Generación de contenido de audio,5,10714,519,0.00046667911144297183,0.0004159710439270231,1.1219
Llano,Generación de contenido virtual,27,10714,2836,0.002520067201792048,0.0022730132573738683,1.1087
Llano,Talleres de creación,8,10714,858,0.0007466865783087549,0.00068767467377531,1.0858
Llano,Asesoría al programa Ondas,9,10714,969,0.0008400224005973493,0.000776639579123864,1.0816
Llano,Eventos artísticos,12,10714,1340,0.0011200298674631324,0.001073990749252815,1.0429
Llano,Consultoría científico-técnica,173,10714,20278,0.016147097255926824,0.01625252568160342,0.9935
Llano,Proyecto de Investigación y Creación,10,10714,1196,0.0009333582228859437,0.000958576817989826,0.9737
Llano,Generación de contenido multimedia,69,10714,8256,0.006440171737913011,0.0066170653924113735,0.9733
Llano,Edicion,127,10714,15577,0.011853649430651484,0.012484741717247089,0.9495
Llano,Informe técnico final,52,10714,6473,0.004853462759006907,0.005188016507398113,0.9355
Llano,Tesis de pregrado,1558,10714,194293,0.14541721112563002,0.15572304824222177,0.9338
Llano,Empresa de base tecnológica,14,10714,1827,0.0013067015120403211,0.0014643142528991738,0.8924
Llano,Proyecto de extensión,72,10714,9742,0.006720179204778794,0.0078080730441947195,0.8607
Llano,Procesos de apropiación social del conocimiento para la generación de insumos,1,10714,138,9.333582228859437e-05,0.00011060501746036454,0.8439
Llano,Participación ciudadana en proyectos de CTI,6,10714,837,0.0005600149337315662,0.000670843475466124,0.8348
Llano,Capítulos de libro de investigación,299,10714,42965,0.027907410864289713,0.034435830254960595,0.8104
Llano,"Obras o productos de arte, arquitectura y diseño",63,10714,9054,0.005880156804181445,0.007256650928160438,0.8103
Llano,Patente modelo de utilidad,2,10714,297,0.00018667164457718873,0.00023804123322991496,0.7842
Llano,Libros,68,10714,10264,0.006346835915624417,0.008226448545023055,0.7715
Llano,Libros de investigación,160,10714,24592,0.014933731566175099,0.01971013470569047,0.7577
Llano,Nueva secuencia genética,49,10714,7632,0.0045734552921411235,0.006116938356938421,0.7477
Llano,Boletín divulgativo de resultado de investigación,26,10714,4197,0.0024267313795034535,0.003363835204935869,0.7214
Llano,Artículos de investigación,1688,10714,278565,0.15755086802314727,0.22326584557135107,0.7057
Llano,Secreto empresarial,32,10714,5373,0.0029867463132350197,0.0043063823102502796,0.6936
Llano,Producciones de contenido digital,23,10714,4512,0.0021467239126376704,0.0036163031795736576,0.5936
Llano,Capítulos de libro,28,10714,6890,0.0026134030240806422,0.005522236016680519,0.4733
Llano,Diseño Industrial,1,10714,314,9.333582228859437e-05,0.00025166648900401783,0.3709
Llano,Prototipo Industrial,25,10714,8316,0.002333395557214859,0.00666515453043762,0.3501
Llano,Tesis de maestria,225,10714,93874,0.021000560014933733,0.07523866238459609,0.2791
Llano,Libros de Divulgación de investigación y/o Compilación de Divulgación,2,10714,1043,0.00018667164457718873,0.0008359495160229001,0.2233
Llano,Producción de estrategias y contenidos Transmedia,1,10714,587,9.333582228859437e-05,0.00047047206702343464,0.1984
Llano,Desarrollos Web,1,10714,593,9.333582228859437e-05,0.00047528098082605917,0.1964
Llano,"Consultoría en artes, arquitectura y diseño",1,10714,647,9.333582228859437e-05,0.0005185612050496801,0.18
Llano,Publicaciones editoriales no especializadas,1,10714,660,9.333582228859437e-05,0.0005289805182886999,0.1764
Llano,Tesis de doctorado,11,10714,8479,0.001026694045174538,0.006795796688742252,0.1511
Llano,Innovacion de gestion empresarial,6,10714,8429,0.0005600149337315662,0.006755722407053715,0.0829
No disponible,Procesos de Apropiación social del conocimiento para el fortalecimiento de cadenas productivas,7,6833,107,0.0010244402165959315,8.575896281347106e-05,11.9456
No disponible,Asesoría al programa Ondas,51,6833,969,0.007463778720913215,0.000776639579123864,9.6104
No disponible,Regulación y norma protocolos de atención a usuarios/víctimas (pacientes),16,6833,330,0.0023415776379335576,0.00026449025914434995,8.8532
No disponible,Publicaciones editoriales no especializadas,12,6833,660,0.0017561832284501682,0.0005289805182886999,3.3199
No disponible,"Obras o productos de arte, arquitectura y diseño",145,6833,9054,0.021220547343772867,0.007256650928160438,2.9243
No disponible,Nueva secuencia genética,106,6833,7632,0.01551295185130982,0.006116938356938421,2.5361
No disponible,Manuales y Guías Especializadas,2,6833,156,0.0002926972047416947,0.00012503175886823816,2.341
No disponible,Producciones de contenido digital,53,6833,4512,0.00775647592565491,0.0036163031795736576,2.1449
No disponible,Regulación y norma práctica clínica,4,6833,389,0.0005853944094833894,0.00031177791153682465,1.8776
No disponible,Producción de estrategias y contenidos Transmedia,6,6833,587,0.0008780916142250841,0.00047047206702343464,1.8664
No disponible,"Eventos artísticos, de arquitectura o de diseño con componentes de apropiación",17,6833,1707,0.002487926240304405,0.0013681359768466831,1.8185
No disponible,Registros de acuerdos de licencia para la explotación de obras,14,6833,1510,0.002048880433191863,0.0012102433069938437,1.6929
No disponible,Signos Distintivos,11,6833,1189,0.0016098346260793209,0.0009529664185534306,1.6893
No disponible,Secreto empresarial,46,6833,5373,0.006732035709058978,0.0043063823102502796,1.5633
No disponible,Proyecto de extensión,78,6833,9742,0.011415190984926094,0.0078080730441947195,1.462
No disponible,Proyecto de Investigacion y Desarrollo,582,6833,73061,0.08517488657983316,0.058557341888925314,1.4546
No disponible,Procesos de apropiación social del conocimiento para la generación de insumos,1,6833,138,0.00014634860237084735,0.00011060501746036454,1.3232
No disponible,Innovacion de gestion empresarial,61,6833,8429,0.00892726474462169,0.006755722407053715,1.3214
No disponible,Conceptos técnicos,25,6833,3553,0.0036587150592711838,0.0028476784567875012,1.2848
No disponible,Talleres de creación,6,6833,858,0.0008780916142250841,0.00068767467377531,1.2769
No disponible,Desarrollos Web,4,6833,593,0.0005853944094833894,0.00047528098082605917,1.2317
No disponible,Proyecto de Investigación y Creación,8,6833,1196,0.0011707888189667788,0.000958576817989826,1.2214
No disponible,Capítulos de libro de investigación,284,6833,42965,0.04156300307332065,0.034435830254960595,1.207
No disponible,Evento científico,1307,6833,205479,0.1912776232986975,0.16468846654158148,1.1615
No disponible,Espacios de participación ciudadana,13,6833,2108,0.0019025318308210156,0.0016895317159887568,1.1261
No disponible,Libros de investigación,151,6833,24592,0.022098638957997952,0.01971013470569047,1.1212
No disponible,Informe técnico final,39,6833,6473,0.005707595492463047,0.005188016507398113,1.1001
No disponible,Eventos artísticos,8,6833,1340,0.0011707888189667788,0.001073990749252815,1.0901
No disponible,Libros de Divulgación de investigación y/o Compilación de Divulgación,6,6833,1043,0.0008780916142250841,0.0008359495160229001,1.0504
No disponible,Artículos de investigación,1583,6833,278565,0.23166983755305137,0.22326584557135107,1.0376
No disponible,Edicion,82,6833,15577,0.012000585394409484,0.012484741717247089,0.9612
No disponible,Innovaciones en procedimiento y servicio,39,6833,7565,0.005707595492463047,0.00606323881947578,0.9413
No disponible,Software,32,6833,6370,0.004683155275867115,0.005105463487119725,0.9173
No disponible,Tesis de maestria,440,6833,93874,0.06439338504317284,0.07523866238459609,0.8559
No disponible,Tesis de doctorado,39,6833,8479,0.005707595492463047,0.006795796688742252,0.8399
No disponible,Estrategias pedagógicas para el fomento a la CTI,29,6833,6692,0.004244109468754574,0.005363541861193909,0.7913
No disponible,Documento de trabajo,94,6833,22028,0.013756768622859652,0.017655125540702244,0.7792
No disponible,Tesis de pregrado,791,6833,194293,0.11576174447534027,0.15572304824222177,0.7434
No disponible,Capítulos de libro,28,6833,6890,0.004097760866383726,0.005522236016680519,0.742
No disponible,Red de conocimiento especializado,31,6833,7742,0.004536806673496268,0.006205101776653205,0.7311
No disponible,Consultoría científico-técnica,78,6833,20278,0.011415190984926094,0.01625252568160342,0.7024
No disponible,Boletín divulgativo de resultado de investigación,16,6833,4197,0.0023415776379335576,0.003363835204935869,0.6961
No disponible,Prototipo Industrial,31,6833,8316,0.004536806673496268,0.00666515453043762,0.6807
No disponible,Artículos,261,6833,70161,0.03819698521879116,0.056233033550990116,0.6793
No disponible,Informe Final de Investigación,132,6833,39173,0.019318015512951852,0.031396596731701885,0.6153
No disponible,Empresa de base tecnológica,6,6833,1827,0.0008780916142250841,0.0014643142528991738,0.5997
No disponible,Estrategia de comunicación del conocimiento,5,6833,1642,0.0007317430118542368,0.0013160394106515837,0.556
No disponible,Regulación y norma,7,6833,2702,0.0010244402165959315,0.002165614182448587,0.473
No disponible,Libros,23,6833,10264,0.003366017854529489,0.008226448545023055,0.4092
No disponible,Generación de contenido de audio,1,6833,519,0.00014634860237084735,0.0004159710439270231,0.3518
No disponible,Procesos de apropiación social del conocimiento para el fortalecimiento o solución de asuntos,6,6833,3118,0.0008780916142250841,0.0024990322060972217,0.3514
No disponible,Proyecto ID+I con Formación,4,6833,2142,0.0005853944094833894,0.0017167822275369626,0.341
No disponible,Patente de invención,3,6833,1759,0.00043904580711254205,0.0014098132298027623,0.3114
No disponible,"Consultoría en artes, arquitectura y diseño",1,6833,647,0.00014634860237084735,0.0005185612050496801,0.2822
No disponible,Generación de contenido multimedia,7,6833,8256,0.0010244402165959315,0.0066170653924113735,0.1548
No disponible,Generación de contenido impresa,1,6833,1591,0.00014634860237084735,0.0012751636433292752,0.1148
Pacífico,Variedad animal,26,136445,26,0.00019055297006119682,2.0838626478039695e-05,9.1442
Pacífico,Empresas creativas y culturales,96,136445,187,0.0007035801971490344,0.00014987781351513164,4.6944
Pacífico,Libros de Divulgación de investigación y/o Compilación de Divulgación,428,136445,1043,0.0031367950456227785,0.0008359495160229001,3.7524
Pacífico,"Consultoría en artes, arquitectura y diseño",194,136445,647,0.001421818315072007,0.0005185612050496801,2.7419
Pacífico,Variedad vegetal,111,136445,496,0.0008135146029535711,0.0003975368743502957,2.0464
Pacífico,Boletín divulgativo de resultado de investigación,824,136445,4197,0.0060390633588625455,0.003363835204935869,1.7953
Pacífico,Procesos de apropiación social del conocimiento para la generación de insumos,26,136445,138,0.00019055297006119682,0.00011060501746036454,1.7228
Pacífico,Generación de contenido impresa,263,136445,1591,0.0019275165817728755,0.0012751636433292752,1.5116
Pacífico,Estrategia de comunicación del conocimiento,266,136445,1642,0.0019495034629337829,0.0013160394106515837,1.4813
Pacífico,Participación ciudadana en proyectos de CTI,132,136445,837,0.0009674227710799224,0.000670843475466124,1.4421
Pacífico,Libros de investigación,3776,136445,24592,0.027674154421195352,0.01971013470569047,1.4041
Pacífico,"Eventos artísticos, de arquitectura o de diseño con componentes de apropiación",256,136445,1707,0.0018762138590640918,0.0013681359768466831,1.3714
Pacífico,Espacios de participación ciudadana,302,136445,2108,0.0022133460368646708,0.0016895317159887568,1.31
Pacífico,Conceptos técnicos,479,136445,3553,0.003510572025358203,0.0028476784567875012,1.2328
Pacífico,Edicion,2018,136445,15577,0.014789842060903662,0.012484741717247089,1.1846
Pacífico,Red de conocimiento especializado,1002,136445,7742,0.007343618307743047,0.006205101776653205,1.1835
Pacífico,Tesis de doctorado,1094,136445,8479,0.008017882663344205,0.006795796688742252,1.1798
Pacífico,Proyecto de Investigación y Creación,151,136445,1196,0.0011066730184323354,0.000958576817989826,1.1545
Pacífico,Regulación y norma protocolos de vigilancia epidemiológica,13,136445,105,9.527648503059841e-05,8.415599154592953e-05,1.1321
Pacífico,Producción de estrategias y contenidos Transmedia,72,136445,587,0.0005276851478617758,0.00047047206702343464,1.1216
Pacífico,Proyecto de Investigacion y Desarrollo,8880,136445,73061,0.06508116823628568,0.058557341888925314,1.1114
Pacífico,Patente de invención,209,136445,1759,0.0015317527208765437,0.0014098132298027623,1.0865
Pacífico,Evento científico,24382,136445,205479,0.17869471215508081,0.16468846654158148,1.085
Pacífico,Artículos,8200,136445,70161,0.06009747517314669,0.056233033550990116,1.0687
Pacífico,Generación de contenido virtual,323,136445,2836,0.002367254204991022,0.0022730132573738683,1.0415
Pacífico,Procesos de Apropiación social del conocimiento para el fortalecimiento de cadenas productivas,12,136445,107,8.79475246436293e-05,8.575896281347106e-05,1.0255
Pacífico,Tesis de pregrado,21738,136445,194293,0.1593169408919345,0.15572304824222177,1.0231
Pacífico,Regulación y norma proyecto de ley,17,136445,152,0.00012459232657847485,0.00012182581633315513,1.0227
Pacífico,Informe Final de Investigación,4357,136445,39173,0.0319322804060244,0.031396596731701885,1.0171
Pacífico,Consultoría científico-técnica,2233,136445,20278,0.01636556854410202,0.01625252568160342,1.007
Pacífico,Artículos de investigación,29889,136445,278565,0.21905529700611967,0.22326584557135107,0.9811
Pacífico,Prototipo Industrial,892,136445,8316,0.0065374326651764444,0.00666515453043762,0.9808
Pacífico,Capítulos de libro de investigación,4608,136445,42965,0.033771849463153654,0.034435830254960595,0.9807
Pacífico,Informe técnico final,678,136445,6473,0.004969035142365056,0.005188016507398113,0.9578
Pacífico,Regulación y norma,278,136445,2702,0.0020374509875774123,0.002165614182448587,0.9408
Pacífico,Tesis de maestria,9415,136445,93874,0.06900216204331415,0.07523866238459609,0.9171
Pacífico,Producciones de contenido digital,424,136445,4512,0.003107479204074902,0.0036163031795736576,0.8593
Pacífico,Libros,941,136445,10264,0.006896551724137931,0.008226448545023055,0.8383
Pacífico,Talleres de creación,78,136445,858,0.0005716589101835905,0.00068767467377531,0.8313
Pacífico,Proyecto de extensión,874,136445,9742,0.006405511378211001,0.0078080730441947195,0.8204
Pacífico,Notas científica,47,136445,526,0.0003444611381875481,0.00042158144336341844,0.8171
Pacífico,Documento de trabajo,1936,136445,22028,0.014188867309172194,0.017655125540702244,0.8037
Pacífico,Publicaciones editoriales no especializadas,57,136445,660,0.00041775074205723916,0.0005289805182886999,0.7897
Pacífico,Planta Piloto,24,136445,282,0.0001758950492872586,0.0002260189487233536,0.7782
Pacífico,Capítulos de libro,586,136445,6890,0.004294770786763898,0.005522236016680519,0.7777
Pacífico,Eventos artísticos,112,136445,1340,0.0008208435633405402,0.001073990749252815,0.7643
Pacífico,Patente modelo de utilidad,24,136445,297,0.0001758950492872586,0.00023804123322991496,0.7389
Pacífico,"Obras o productos de arte, arquitectura y diseño",677,136445,9054,0.004961706181978086,0.007256650928160438,0.6837
Pacífico,Estrategias pedagógicas para el fomento a la CTI,487,136445,6692,0.0035692037084539556,0.005363541861193909,0.6655
Pacífico,Manuales y Guías Especializadas,11,136445,156,8.061856425666019e-05,0.00012503175886823816,0.6448
Pacífico,Procesos de apropiación social del conocimiento para el fortalecimiento o solución de asuntos,215,136445,3118,0.0015757264831983582,0.0024990322060972217,0.6305
Pacífico,Software,434,136445,6370,0.0031807688079445932,0.005105463487119725,0.623
Pacífico,Desarrollos Web,38,136445,593,0.00027850049470482614,0.00047528098082605917,0.586
Pacífico,Proyecto ID+I con Formación,129,136445,2142,0.000945435889919015,0.0017167822275369626,0.5507
Pacífico,Regulación y norma acto legislativo,9,136445,150,6.596064348272198e-05,0.00012022284506561363,0.5487
Pacífico,Generación de contenido multimedia,465,136445,8256,0.0034079665799406356,0.0066170653924113735,0.515
Pacífico,Generación de contenido de audio,27,136445,519,0.00019788193044816593,0.0004159710439270231,0.4757
Pacífico,Innovaciones en procedimiento y servicio,389,136445,7565,0.002850965590530983,0.00606323881947578,0.4702
Pacífico,Asesoría al programa Ondas,46,136445,969,0.00033713217780057897,0.000776639579123864,0.4341
Pacífico,Registro general,5,136445,128,3.6644801934845545e-05,0.00010259016112265696,0.3572
Pacífico,Empresa de base tecnológica,69,136445,1827,0.0005056982667008685,0.0014643142528991738,0.3453
Pacífico,Secreto empresarial,182,136445,5373,0.0013338707904283777,0.0043063823102502796,0.3097
Pacífico,Nuevo registro científico,25,136445,814,0.0001832240096742277,0.0006524093058893966,0.2808
Pacífico,Innovacion de gestion empresarial,229,136445,8429,0.0016783319286159258,0.006755722407053715,0.2484
Pacífico,Signos Distintivos,31,136445,1189,0.00022719777199604237,0.0009529664185534306,0.2384
Pacífico,Nueva secuencia genética,196,136445,7632,0.0014364762358459453,0.006116938356938421,0.2348
Pacífico,Diseño Industrial,8,136445,314,5.863168309575287e-05,0.00025166648900401783,0.233
Pacífico,Productos nutraceúticos,1,136445,51,7.328960386969109e-06,4.087576732230863e-05,0.1793
Pacífico,Regulación y norma práctica clínica,7,136445,389,5.130272270878376e-05,0.00031177791153682465,0.1645
Pacífico,Registros de acuerdos de licencia para la explotación de obras,20,136445,1510,0.00014657920773938218,0.0012102433069938437,0.1211
Pacífico,Regulación y norma protocolos de atención a usuarios/víctimas (pacientes),2,136445,330,1.4657920773938217e-05,0.00026449025914434995,0.0554
